"","x"
"1","VRSWSGHLDPLDL"
"2","AKQGAASSPYNWFDP"
"3","ARYLFWTGSFYFDA"
"4","ARRGIAGPDYYSYHGLDV"
"5","ARQSVEGPGDSFDL"
"6","AREDSVKGLRWFSAFYMDV"
"7","ARGHRDFGGNSFDH"
"8","ARDATKVTTLNWFDP"
"9","ARWPGTGSYDGQIDY"
"10","AQDFWDHENSFDP"
"11","AHVRLDREAFDP"
"12","ARRRRGYTPGYGLDF"
"13","ARRSGYHNYFDF"
"14","ARRGFAGPDYYSYEGLDI"
"15","AKTSSFQWEVFHY"
"16","AKGLNRYSDWSFGT"
"17","AHRRYYYESSISLFWFDP"
"18","GFGKWYYSDL"
"19","AGSSSYNWNHYFYYMDV"
"20","AREDSVKGLKWYSAYYMDV"
"21","ARDYGDYVVWYFDL"
"22","ARGDYYSDTRTFLFDY"
"23","ARHMKNIVDRKPSYFDY"
"24","ARTAKSDTFYYFDY"
"25","ASETFGYRVFEN"
"26","AKSPGAFDH"
"27","ARGVSGSSWRNWFGP"
"28","ARSWSGHLDAFDM"
"29","ARGGLAAAGLYNWFSP"
"30","ARAVYAHYHDY"
"31","AKAGAVTGMVNWFDR"
"32","ARAWHPYYFDY"
"33","ARRLLGPHLYFDI"
"34","ARRRLADREFYYYGIDV"
"35","ARDSGYDFWSGYLDY"
"36","AKGRREDAAVIGTYYFDS"
"37","ARGLATVDF"
"38","ARHLRSLSTRKPLYFDY"
"39","TKGDYYDSRRPFDI"
"40","VRDPCSSSNCHEYYRYYMDV"
"41","ARGSTSWPSFEL"
"42","ARHHSTWGLTYVSAEQFQY"
"43","VRSWSGYLDPLDL"
"44","AREYASSWYYFDS"
"45","ARARPATIHAFDI"
"46","ARHKRVSAAVPSWFDP"
"47","ARQGFYYAFDY"
"48","VRDGSLGLDALDF"
"49","VRHVPGYRRLKVGLIDS"
"50","ARHVRSLTARQPYYFDN"
"51","ARGGSMIQQWPIFEY"
"52","ARRGIAGPDYYSYQGLDV"
"53","ARLSSDSSHHYPPTPGFDY"
"54","ARRHSGSFSSLHYFDF"
"55","ASGGLPNFFNWFDP"
"56","ARGLAPSFGVVVQQKWRWFDP"
"57","ATFSRLAY"
"58","TRDGQTDHSPPDY"
"59","AKIKTQLMVYVIDY"
"60","ARENYFDY"
"61","ARERGQFYDFWNAFYLDT"
"62","ARASGYTSVGYGYLDF"
"63","AKVRPPDCSDIICSEDGFDI"
"64","ARHNYDSSVQSKFYSGLDV"
"65","ARASRGSLEWLTWYFDL"
"66","ARARPYDYVWGGYVSYYFDF"
"67","ARCMVRGVPWRFDS"
"68","ARGMTVIDY"
"69","ARVRDHELDS"
"70","VRDACSSSNCHEYYHYYMDV"
"71","ARVRQHCNGETCYSDYYYGMDI"
"72","VRVAFDTVPIPAGNFDF"
"73","ARGFDI"
"74","ARGVVEGVDY"
"75","ARDLCTGGSCYYFDY"
"76","ATEPCGARGCYLRD"
"77","ARGRGGWLQRGAFDS"
"78","ARHHSTWGLTYVSAQHFQY"
"79","ARTGAATRDLDY"
"80","ARDFEAGVHLDY"
"81","ARDSGYDFWSGYSDY"
"82","ARGKQLRLGDLSPDFDY"
"83","ARLFATKHTGRLDY"
"84","ARQFSGGMLWGGRFDY"
"85","ARRGIPGPDYYSYQGLDV"
"86","ARDYCSGGTCRLPHY"
"87","AVEMATTGAFDI"
"88","VRQIQQWLWAFDV"
"89","ARGLDYYGLDV"
"90","VRHVPGYKRLKVGLIDS"
"91","ARGRSLLLWFGDLFSL"
"92","ARHVEQPGTRYFYCGMDV"
"93","ARGRRTAWFGELLDY"
"94","ARVEKDESDWFSRGPRDFDQ"
"95","ARVEKDESDWLSRGPRDFDY"
"96","VKGSREYYDIFKLNYFDY"
"97","ARNLQFFDWLPLKYKDLDIFDV"
"98","ARPAASNGPADY"
"99","ASRVYSSGWD"
"100","TRGRGDLDP"
